,flare_v1,n_visits,n_unique_persons,prop_visits,prop_unique_person
0,0,628968,92797,0.8754732528617879,0.9800084486218186
1,1,89464,22245,0.1245267471382121,0.23492449044249658
