day_supply_criteria,n_obs,n_ptid,percent_n_obs,percent_n_ptid
yes,24735,6581,11.704720217674199,10.928444510868662
no,186590,53638,88.2952797823258,89.07155548913134
