,Features,Odds_Ratios
3,prev_flare_v1_sum,1.2613156750893426
1,immuno_med,0.887823454917858
0,age,0.8199427484641972
2,male_v_female,0.7308128156381718
